  Time                 , V(Rg2:2,Le2:2)+20    
  0.000000000000e+00  ,0.000000000000e+00  
  1.000000000000e-11  ,-8.267645785764e-06  
  1.085592546384e-11  ,-9.059869107375e-06  
  1.256777639152e-11  ,-1.067300627966e-05  
  1.599147824687e-11  ,-1.459612648702e-05  
  2.283888195758e-11  ,-2.456576600451e-05  
  3.653368937899e-11  ,-5.079595882762e-05  
  6.392330422183e-11  ,-1.186175913510e-04  
  1.187025339075e-10  ,-2.857893798804e-04  
  2.282609932788e-10  ,-6.735629063996e-04  
  4.473779120215e-10  ,-1.485047643943e-03  
  6.803482540615e-10  ,-2.244561576390e-03  
  1.069734222508e-09  ,-3.106387594730e-03  
  1.832301146603e-09  ,-3.676542301513e-03  
  2.832355327226e-09  ,-3.317576657373e-03  
  3.832409507848e-09  ,-2.486905788079e-03  
  4.832463688470e-09  ,-1.530436594695e-03  
  5.832517869092e-09  ,-5.637172313264e-04  
  6.832572049714e-09  ,3.733144963078e-04  
  7.832626230336e-09  ,1.209676148758e-03  
  8.832680410958e-09  ,1.880297548034e-03  
  9.832734591580e-09  ,2.327977267594e-03  
  1.083278877220e-08  ,2.516647495597e-03  
  1.183284295282e-08  ,2.432291015197e-03  
  1.283289713345e-08  ,2.084360099680e-03  
  1.383295131407e-08  ,1.504702214056e-03  
  1.483300549469e-08  ,7.446596092677e-04  
  1.583305967531e-08  ,-1.294982225417e-04  
  1.683311385593e-08  ,-1.042385750885e-03  
  1.783316803656e-08  ,-1.916044345311e-03  
  1.883322221718e-08  ,-2.676659535290e-03  
  1.983327639780e-08  ,-3.260855205440e-03  
  2.083333057842e-08  ,-3.621051881087e-03  
  2.183338475905e-08  ,-3.729408800705e-03  
  2.283343893967e-08  ,-3.580052913549e-03  
  2.383349312029e-08  ,-3.189386051730e-03  
  2.483354730091e-08  ,-2.594498623750e-03  
  2.583360148153e-08  ,-1.849795224775e-03  
  2.683365566216e-08  ,-1.022191873087e-03  
  2.783370984278e-08  ,-1.852509626019e-04  
  2.883376402340e-08  ,5.871780941504e-04  
  2.983381820402e-08  ,1.227311854322e-03  
  3.083387238464e-08  ,1.679196698205e-03  
  3.183392656527e-08  ,1.903425139915e-03  
  3.283398074589e-08  ,1.880372707010e-03  
  3.383403492651e-08  ,1.611738673624e-03  
  3.483408910713e-08  ,1.127536473181e-03  
  3.583414328775e-08  ,4.570761865779e-04  
  3.683419746838e-08  ,-3.388322732789e-04  
  3.783425164900e-08  ,-1.193412234993e-03  
  3.883430582962e-08  ,-2.035474583622e-03  
  3.983436001024e-08  ,-2.795539757329e-03  
  4.083441419087e-08  ,-3.411807621504e-03  
  4.183446837149e-08  ,-3.830602871748e-03  
  4.283452255211e-08  ,-4.032853905088e-03  
  4.383457673273e-08  ,-3.998283469620e-03  
  4.483463091335e-08  ,-3.734766015246e-03  
  4.583468509398e-08  ,-3.269794395429e-03  
  4.683473927460e-08  ,-2.647957598644e-03  
  4.783479345522e-08  ,-1.926972152141e-03  
  4.883484763584e-08  ,-1.172616974337e-03  
  4.983490181646e-08  ,-4.530209619951e-04  
  5.083495599709e-08  ,1.672022865336e-04  
  5.183501017771e-08  ,6.324715740007e-04  
  5.283506435833e-08  ,9.009317872035e-04  
  5.383511853895e-08  ,9.479384375410e-04  
  5.483517271957e-08  ,7.680242099006e-04  
  5.583522690020e-08  ,3.752209580590e-04  
  5.683528108082e-08  ,-1.983096666542e-04  
  5.783533526144e-08  ,-9.051832032654e-04  
  5.883538944206e-08  ,-1.686975396499e-03  
  5.983544362269e-08  ,-2.479339183267e-03  
  6.083549780331e-08  ,-3.217556898360e-03  
  6.183555198393e-08  ,-3.842111539253e-03  
  6.283560616455e-08  ,-4.303733843802e-03  
  6.383566034517e-08  ,-4.567555276868e-03  
  6.483571452580e-08  ,-4.615966624566e-03  
  6.583576870642e-08  ,-4.449989489469e-03  
  6.683582288704e-08  ,-4.089027397683e-03  
  6.783587706766e-08  ,-3.569047788027e-03  
  6.883593124828e-08  ,-2.939358605985e-03  
  6.983598542891e-08  ,-2.258266422562e-03  
  7.083603960953e-08  ,-1.587998652223e-03  
  7.183609379015e-08  ,-9.893392080436e-04  
  7.283614797077e-08  ,-5.164227785670e-04  
  7.383620215139e-08  ,-2.121476287513e-04  
  7.483625633202e-08  ,-1.045921337663e-04  
  7.583631051264e-08  ,-2.047244494996e-04  
  7.683636469326e-08  ,-5.056024635870e-04  
  7.783641887388e-08  ,-9.831198167269e-04  
  7.883647305451e-08  ,-1.598207542841e-03  
  7.983652723513e-08  ,-2.300312261141e-03  
  8.083658141575e-08  ,-3.031824526438e-03  
  8.183663559637e-08  ,-3.733075459824e-03  
  8.283668977699e-08  ,-4.347473290622e-03  
  8.383674395762e-08  ,-4.826326694214e-03  
  8.483679813824e-08  ,-5.132954319162e-03  
  8.583685231886e-08  ,-5.245731223514e-03  
  8.683690649948e-08  ,-5.159809758212e-03  
  8.783696068010e-08  ,-4.887402489576e-03  
  8.883701486073e-08  ,-4.456582453422e-03  
  8.983706904135e-08  ,-3.908753070576e-03  
  9.083712322197e-08  ,-3.294978634322e-03  
  9.183717740259e-08  ,-2.671536308295e-03  
  9.283723158321e-08  ,-2.095040039976e-03  
  9.383728576384e-08  ,-1.617592830215e-03  
  9.483733994446e-08  ,-1.282355167529e-03  
  9.583739412508e-08  ,-1.119921615146e-03  
  9.683744830570e-08  ,-1.145798180954e-03  
  9.783750248633e-08  ,-1.359205341132e-03  
  9.883755666695e-08  ,-1.743266263098e-03  
  9.983761084757e-08  ,-2.266601957370e-03  
  1.000000000020e-07  ,-2.362582260943e-03  
  1.000613974427e-07  ,-2.276447004132e-03  
  1.001841923242e-07  ,-1.963142675113e-03  
  1.004297820871e-07  ,-1.196504236411e-03  
  1.009209616130e-07  ,-9.329329925833e-05  
  1.014555407708e-07  ,2.432019541416e-04  
  1.024555949514e-07  ,-5.609538455253e-04  
  1.034556491320e-07  ,-1.939358267126e-03  
  1.044557033127e-07  ,-3.323709689532e-03  
  1.054557574933e-07  ,-4.672151064206e-03  
  1.064558116739e-07  ,-5.860428543581e-03  
  1.074558658545e-07  ,-6.794325130429e-03  
  1.084559200352e-07  ,-7.398462558445e-03  
  1.094559742158e-07  ,-7.627598144666e-03  
  1.104560283964e-07  ,-7.467810231834e-03  
  1.114560825770e-07  ,-6.939317555663e-03  
  1.124561367576e-07  ,-6.092769041814e-03  
  1.134561909383e-07  ,-5.006237868649e-03  
  1.144562451189e-07  ,-3.776831031484e-03  
  1.154562992995e-07  ,-2.513582153234e-03  
  1.164563534801e-07  ,-1.326766498487e-03  
  1.174564076608e-07  ,-3.196090483080e-04  
  1.184564618414e-07  ,4.215666703793e-04  
  1.194565160220e-07  ,8.335942785678e-04  
  1.204565702026e-07  ,8.826019226511e-04  
  1.214566243832e-07  ,5.658218650346e-04  
  1.224566785639e-07  ,-7.743729973342e-05  
  1.234567327445e-07  ,-1.006334324508e-03  
  1.244567869251e-07  ,-2.134357170831e-03  
  1.254568411057e-07  ,-3.346558282473e-03  
  1.264568952864e-07  ,-4.572918369334e-03  
  1.274569494670e-07  ,-5.692583638869e-03  
  1.284570036476e-07  ,-6.611018728531e-03  
  1.294570578282e-07  ,-7.251594891674e-03  
  1.304571120088e-07  ,-7.562015858380e-03  
  1.314571661895e-07  ,-7.518595433748e-03  
  1.324572203701e-07  ,-7.128048009847e-03  
  1.334572745507e-07  ,-6.426659361114e-03  
  1.344573287313e-07  ,-5.476942608979e-03  
  1.354573829120e-07  ,-4.362055694475e-03  
  1.364574370926e-07  ,-3.178528767808e-03  
  1.374574912732e-07  ,-2.027875736616e-03  
  1.384575454538e-07  ,-1.007876891780e-03  
  1.394575996344e-07  ,-2.042335999946e-04  
  1.404576538151e-07  ,3.166656550277e-04  
  1.414577079957e-07  ,5.132722177912e-04  
  1.424577621763e-07  ,3.722231593351e-04  
  1.434578163569e-07  ,-9.073599366616e-05  
  1.444578705376e-07  ,-8.323353989930e-04  
  1.454579247182e-07  ,-1.785746224499e-03  
  1.464579788988e-07  ,-2.866453295777e-03  
  1.474580330794e-07  ,-3.979681258549e-03  
  1.484580872600e-07  ,-5.028574877159e-03  
  1.494581414407e-07  ,-5.922539662304e-03  
  1.504581956213e-07  ,-6.584928803751e-03  
  1.514582498019e-07  ,-6.959517572941e-03  
  1.524583039825e-07  ,-7.015131562010e-03  
  1.534583581632e-07  ,-6.748117299654e-03  
  1.544584123438e-07  ,-6.182434754045e-03  
  1.554584665244e-07  ,-5.367361117713e-03  
  1.564585207050e-07  ,-4.373073221160e-03  
  1.574585748856e-07  ,-3.284461620762e-03  
  1.584586290663e-07  ,-2.193746949921e-03  
  1.594586832469e-07  ,-1.192524147260e-03  
  1.604587374275e-07  ,-3.639274284559e-04  
  1.614587916081e-07  ,2.244160760654e-04  
  1.624588457888e-07  ,5.260483877549e-04  
  1.634588999694e-07  ,5.194835777758e-04  
  1.644589541500e-07  ,2.098515527393e-04  
  1.654590083306e-07  ,-3.717804889547e-04  
  1.664590625112e-07  ,-1.171255321381e-03  
  1.674591166919e-07  ,-2.116175300181e-03  
  1.684591708725e-07  ,-3.122242319495e-03  
  1.694592250531e-07  ,-4.100588627782e-03  
  1.704592792337e-07  ,-4.965420911770e-03  
  1.714593334143e-07  ,-5.641352208858e-03  
  1.724593875950e-07  ,-6.069769029708e-03  
  1.734594417756e-07  ,-6.213719861424e-03  
  1.744594959562e-07  ,-6.060894347936e-03  
  1.754595501368e-07  ,-5.624477701652e-03  
  1.764596043175e-07  ,-4.941807711333e-03  
  1.774596584981e-07  ,-4.070978274495e-03  
  1.784597126787e-07  ,-3.085693750240e-03  
  1.794597668593e-07  ,-2.068832312979e-03  
  1.804598210399e-07  ,-1.105269646754e-03  
  1.814598752206e-07  ,-2.746070700717e-04  
  1.824599294012e-07  ,3.556144849419e-04  
  1.834599835818e-07  ,7.355806942755e-04  
  1.844600377624e-07  ,5.900409846447e-03  
  1.854600919431e-07  ,4.111777005881e-02  
  1.863716704791e-07  ,1.294220409907e-01  
  1.873717246597e-07  ,2.968338729360e-01  
  1.883717788403e-07  ,5.104342925862e-01  
  1.893718330210e-07  ,7.475512920233e-01  
  1.903718872016e-07  ,9.732969869622e-01  
  1.913719413822e-07  ,1.169968504061e+00  
  1.923719955628e-07  ,1.332420981397e+00  
  1.933720497434e-07  ,1.478453171591e+00  
  1.943721039241e-07  ,1.592640837348e+00  
  1.953721581047e-07  ,1.674601541611e+00  
  1.963722122853e-07  ,1.727683034564e+00  
  1.973722664659e-07  ,1.753391185171e+00  
  1.983723206466e-07  ,1.752669151103e+00  
  1.993723748272e-07  ,1.726208406590e+00  
  2.003724290078e-07  ,1.674964122858e+00  
  2.013724831884e-07  ,1.600976908900e+00  
  2.023725373690e-07  ,1.507921072538e+00  
  2.033725915497e-07  ,1.401358325704e+00  
  2.043726457303e-07  ,1.288644206071e+00  
  2.053726999109e-07  ,1.178498408813e+00  
  2.063727540915e-07  ,1.080307783903e+00  
  2.073728082722e-07  ,1.003273677959e+00  
  2.083728624528e-07  ,9.555468016009e-01  
  2.093729166334e-07  ,9.440472868740e-01  
  2.103729708140e-07  ,9.708118974008e-01  
  2.113730249946e-07  ,1.039036199100e+00  
  2.123730791753e-07  ,1.146495934060e+00  
  2.133731333559e-07  ,1.289374902722e+00  
  2.143731875365e-07  ,1.461809559695e+00  
  2.153732417171e-07  ,1.656515001591e+00  
  2.163732958978e-07  ,1.865404450261e+00  
  2.173733500784e-07  ,2.080200130710e+00  
  2.183734042590e-07  ,2.292977400905e+00  
  2.193734584396e-07  ,2.496598456527e+00  
  2.203735126202e-07  ,2.685064000846e+00  
  2.213735668009e-07  ,2.853693429713e+00  
  2.223736209815e-07  ,2.999216917417e+00  
  2.233736751621e-07  ,3.119774440895e+00  
  2.243737293427e-07  ,3.214824534672e+00  
  2.253737835234e-07  ,3.285005800146e+00  
  2.263738377040e-07  ,3.331953605735e+00  
  2.273738918846e-07  ,3.358097176820e+00  
  2.283739460652e-07  ,3.366456502488e+00  
  2.293740002458e-07  ,3.360414665348e+00  
  2.303740544265e-07  ,3.343547064063e+00  
  2.313741086071e-07  ,3.319437864895e+00  
  2.323741627877e-07  ,3.291516981297e+00  
  2.333742169683e-07  ,3.262919208973e+00  
  2.343742711490e-07  ,3.236381869684e+00  
  2.353743253296e-07  ,3.214148627790e+00  
  2.363743795102e-07  ,3.197962856240e+00  
  2.373744336908e-07  ,3.188642109165e+00  
  2.383744878714e-07  ,3.187393233090e+00  
  2.393745420521e-07  ,3.193805216922e+00  
  2.403745962327e-07  ,3.207538327036e+00  
  2.413746504133e-07  ,3.227785239204e+00  
  2.423747045939e-07  ,3.253432501891e+00  
  2.433747587746e-07  ,3.283157569408e+00  
  2.443748129552e-07  ,3.315534828618e+00  
  2.453748671358e-07  ,3.349122025721e+00  
  2.463749213164e-07  ,3.382542146421e+00  
  2.473749754970e-07  ,3.414551788605e+00  
  2.483750296777e-07  ,3.444093659976e+00  
  2.493750838583e-07  ,3.470332196187e+00  
  2.503751380389e-07  ,3.492672477004e+00  
  2.513751922195e-07  ,3.510766496409e+00  
  2.523752464002e-07  ,3.524500912822e+00  
  2.533753005808e-07  ,3.533946249123e+00  
  2.543753547614e-07  ,3.539385972819e+00  
  2.553754089420e-07  ,3.541282068292e+00  
  2.563754631226e-07  ,3.540126704261e+00  
  2.573755173033e-07  ,3.536514473352e+00  
  2.583755714839e-07  ,3.531049618826e+00  
  2.593756256645e-07  ,3.524367048646e+00  
  2.603756798451e-07  ,3.517004373443e+00  
  2.613757340258e-07  ,3.509440797002e+00  
  2.623757882064e-07  ,3.502107553078e+00  
  2.633758423870e-07  ,3.495296010547e+00  
  2.643758965676e-07  ,3.489214029512e+00  
  2.653759507482e-07  ,3.483965494899e+00  
  2.663760049289e-07  ,3.479560809727e+00  
  2.673760591095e-07  ,3.475907533252e+00  
  2.683761132901e-07  ,3.472901969491e+00  
  2.693761674707e-07  ,3.470346336254e+00  
  2.703762216513e-07  ,3.468018263569e+00  
  2.713762758320e-07  ,3.465680668008e+00  
  2.723763300126e-07  ,3.463097398534e+00  
  2.733763841932e-07  ,3.460046852097e+00  
  2.743764383738e-07  ,3.456333357211e+00  
  2.753764925545e-07  ,3.451795696113e+00  
  2.763765467351e-07  ,3.446312707350e+00  
  2.773766009157e-07  ,3.439805764742e+00  
  2.783766550963e-07  ,3.432238508949e+00  
  2.793767092769e-07  ,3.423614266975e+00  
  2.803767634576e-07  ,3.413971299672e+00  
  2.813768176382e-07  ,3.403376801397e+00  
  2.823768718188e-07  ,3.391919819130e+00  
  2.833769259994e-07  ,3.379703749916e+00  
  2.843769801801e-07  ,3.366839037182e+00  
  2.853770343607e-07  ,3.353436135365e+00  
  2.863770885413e-07  ,3.339599482633e+00  
  2.873771427219e-07  ,3.325422420145e+00  
  2.883771969025e-07  ,3.310983384431e+00  
  2.893772510832e-07  ,3.296343431202e+00  
  2.903773052638e-07  ,3.281544979514e+00  
  2.913773594444e-07  ,3.266611914644e+00  
  2.923774136250e-07  ,3.251550532013e+00  
  2.933774678057e-07  ,3.236351534876e+00  
  2.943775219863e-07  ,3.220992656606e+00  
  2.953775761669e-07  ,3.205441572229e+00  
  2.963776303475e-07  ,3.189659212723e+00  
  2.973776845281e-07  ,3.173602846080e+00  
  2.983777387088e-07  ,3.157229125959e+00  
  2.993777928894e-07  ,3.140496677993e+00  
  3.003778470700e-07  ,3.123368203539e+00  
  3.013779012506e-07  ,3.105812102868e+00  
  3.023779554313e-07  ,3.087803444766e+00  
  3.033780096119e-07  ,3.069324346996e+00  
  3.043780637925e-07  ,3.050363801733e+00  
  3.053781179731e-07  ,3.030917109663e+00  
  3.063781721537e-07  ,3.010984664739e+00  
  3.073782263344e-07  ,2.990570583506e+00  
  3.083782805150e-07  ,2.969680971605e+00  
  3.093783346956e-07  ,2.948321886400e+00  
  3.103783888762e-07  ,2.926496934900e+00  
  3.113784430569e-07  ,2.904204153077e+00  
  3.123784972375e-07  ,2.881430956060e+00  
  3.133785514181e-07  ,2.858143503285e+00  
  3.143786055987e-07  ,2.834254483520e+00  
  3.153786597793e-07  ,2.809383450760e+00  
  3.163787139600e-07  ,2.784720989422e+00  
  3.173787681406e-07  ,2.762367781182e+00  
  3.183788223212e-07  ,2.742765343681e+00  
  3.193788765018e-07  ,2.725592058094e+00  
  3.203789306825e-07  ,2.710212371991e+00  
  3.213789848631e-07  ,2.695920999465e+00  
  3.223790390437e-07  ,2.682029328697e+00  
  3.233790932243e-07  ,2.667942871305e+00  
  3.243791474049e-07  ,2.653135320064e+00  
  3.253792015856e-07  ,2.637186907671e+00  
  3.263792557662e-07  ,2.619842785665e+00  
  3.273793099468e-07  ,2.600920503034e+00  
  3.283793641274e-07  ,2.580391483272e+00  
  3.293794183081e-07  ,2.558329590996e+00  
  3.303794724887e-07  ,2.534920770979e+00  
  3.313795266693e-07  ,2.510414038193e+00  
  3.323795808499e-07  ,2.485118750511e+00  
  3.333796350305e-07  ,2.459355611261e+00  
  3.343796892112e-07  ,2.433464736478e+00  
  3.353797433918e-07  ,2.407767137247e+00  
  3.363797975724e-07  ,2.382549248494e+00  
  3.373798517530e-07  ,2.358048889942e+00  
  3.383799059337e-07  ,2.334442067316e+00  
  3.393799601143e-07  ,2.311855733790e+00  
  3.403800142949e-07  ,2.290333797557e+00  
  3.413800684755e-07  ,2.269869850320e+00  
  3.423801226561e-07  ,2.250402116363e+00  
  3.433801768368e-07  ,2.231824254619e+00  
  3.443802310174e-07  ,2.213996489850e+00  
  3.453802851980e-07  ,2.196757822374e+00  
  3.463803393786e-07  ,2.179940172540e+00  
  3.473803935593e-07  ,2.163371987570e+00  
  3.483804477399e-07  ,2.146899209771e+00  
  3.493805019205e-07  ,2.130387495194e+00  
  3.503805561011e-07  ,2.113729236272e+00  
  3.513806102817e-07  ,2.096847568067e+00  
  3.523806644624e-07  ,2.079697443552e+00  
  3.533807186430e-07  ,2.062265041020e+00  
  3.543807728236e-07  ,2.044565567881e+00  
  3.553808270042e-07  ,2.026638890056e+00  
  3.563808811849e-07  ,2.008544570386e+00  
  3.573809353655e-07  ,1.990355743677e+00  
  3.583809895461e-07  ,1.972153091076e+00  
  3.593810437267e-07  ,1.954018928339e+00  
  3.603810979073e-07  ,1.936031697130e+00  
  3.613811520880e-07  ,1.918261578893e+00  
  3.623812062686e-07  ,1.900771304312e+00  
  3.633812604492e-07  ,1.883590382176e+00  
  3.643813146298e-07  ,1.866753733438e+00  
  3.653813688104e-07  ,1.850284563266e+00  
  3.663814229911e-07  ,1.834167691279e+00  
  3.673814771717e-07  ,1.818388834488e+00  
  3.683815313523e-07  ,1.802920845498e+00  
  3.693815855329e-07  ,1.787728245273e+00  
  3.703816397136e-07  ,1.772770565114e+00  
  3.713816938942e-07  ,1.758005193658e+00  
  3.723817480748e-07  ,1.743390366806e+00  
  3.733818022554e-07  ,1.728887769623e+00  
  3.743818564360e-07  ,1.714464252298e+00  
  3.753819106167e-07  ,1.700092948284e+00  
  3.763819647973e-07  ,1.685758706577e+00  
  3.773820189779e-07  ,1.671445112289e+00  
  3.783820731585e-07  ,1.657153018578e+00  
  3.793821273392e-07  ,1.642885788248e+00  
  3.803821815198e-07  ,1.628653423245e+00  
  3.813822357004e-07  ,1.614470377650e+00  
  3.823822898810e-07  ,1.600354250535e+00  
  3.833823440616e-07  ,1.586324200429e+00  
  3.843823982423e-07  ,1.572399510031e+00  
  3.853824524229e-07  ,1.558601181928e+00  
  3.863825066035e-07  ,1.544938451336e+00  
  3.873825607841e-07  ,1.531426133205e+00  
  3.883826149648e-07  ,1.518073724131e+00  
  3.893826691454e-07  ,1.504886521598e+00  
  3.903827233260e-07  ,1.491865860262e+00  
  3.913827775066e-07  ,1.479009425222e+00  
  3.923828316872e-07  ,1.466311800814e+00  
  3.933828858679e-07  ,1.453765009133e+00  
  3.943829400485e-07  ,1.441359291613e+00  
  3.953829942291e-07  ,1.429083862106e+00  
  3.963830484097e-07  ,1.416927614630e+00  
  3.973831025904e-07  ,1.404879864984e+00  
  3.983831567710e-07  ,1.392930910860e+00  
  3.993832109516e-07  ,1.381072492571e+00  
  4.003832651322e-07  ,1.369298162677e+00  
  4.013833193128e-07  ,1.357603372212e+00  
  4.023833734935e-07  ,1.345985564977e+00  
  4.033834276741e-07  ,1.334444046368e+00  
  4.043834818547e-07  ,1.322979808314e+00  
  4.053835360353e-07  ,1.311595133462e+00  
  4.063835902160e-07  ,1.300293387870e+00  
  4.073836443966e-07  ,1.289078462031e+00  
  4.083836985772e-07  ,1.277954591041e+00  
  4.093837527578e-07  ,1.266925829246e+00  
  4.103838069384e-07  ,1.255995799919e+00  
  4.113838611191e-07  ,1.245167508105e+00  
  4.123839152997e-07  ,1.234443011356e+00  
  4.133839694803e-07  ,1.223823588303e+00  
  4.143840236609e-07  ,1.213309426526e+00  
  4.153840778416e-07  ,1.202899755700e+00  
  4.163841320222e-07  ,1.192593033564e+00  
  4.173841862028e-07  ,1.182386941705e+00  
  4.183842403834e-07  ,1.172278749663e+00  
  4.193842945640e-07  ,1.162265281936e+00  
  4.203843487447e-07  ,1.152343268224e+00  
  4.213844029253e-07  ,1.142509505803e+00  
  4.223844571059e-07  ,1.132760944675e+00  
  4.233845112865e-07  ,1.123094845317e+00  
  4.243845654672e-07  ,1.113508968645e+00  
  4.253846196478e-07  ,1.104001464055e+00  
  4.263846738284e-07  ,1.094571006062e+00  
  4.273847280090e-07  ,1.085216789618e+00  
  4.283847821896e-07  ,1.075938396275e+00  
  4.293848363703e-07  ,1.066735783505e+00  
  4.303848905509e-07  ,1.057609201260e+00  
  4.313849447315e-07  ,1.048559101929e+00  
  4.323849989121e-07  ,1.039586008996e+00  
  4.333850530928e-07  ,1.030690472717e+00  
  4.343851072734e-07  ,1.021872944841e+00  
  4.353851614540e-07  ,1.013133713189e+00  
  4.363852156346e-07  ,1.004472944318e+00  
  4.373852698152e-07  ,9.958905068615e-01  
  4.383853239959e-07  ,9.873860451851e-01  
  4.393853781765e-07  ,9.789590302575e-01  
  4.403854323571e-07  ,9.706086147264e-01  
  4.413854865377e-07  ,9.623339055496e-01  
  4.423855407184e-07  ,9.541337806922e-01  
  4.433855948990e-07  ,9.460070074638e-01  
  4.443856490796e-07  ,9.379524288022e-01  
  4.453857032602e-07  ,9.299687542468e-01  
  4.463857574408e-07  ,9.220548062170e-01  
  4.473858116215e-07  ,9.142095272422e-01  
  4.483858658021e-07  ,9.064318467861e-01  
  4.493859199827e-07  ,8.987208937322e-01  
  4.503859741633e-07  ,8.910759504912e-01  
  4.513860283440e-07  ,8.834963038262e-01  
  4.523860825246e-07  ,8.759814733680e-01  
  4.533861367052e-07  ,8.685310161489e-01  
  4.543861908858e-07  ,8.611445746220e-01  
  4.553862450664e-07  ,8.538218787423e-01  
  4.563862992471e-07  ,8.465625883413e-01  
  4.573863534277e-07  ,8.393665406620e-01  
  4.583864076083e-07  ,8.322333974623e-01  
  4.593864617889e-07  ,8.251628702576e-01  
  4.603865159695e-07  ,8.181546254895e-01  
  4.613865701502e-07  ,8.112082676866e-01  
  4.623866243308e-07  ,8.043233356983e-01  
  4.633866785114e-07  ,7.974993524492e-01  
  4.643867326920e-07  ,7.907357286205e-01  
  4.653867868727e-07  ,7.840318928931e-01  
  4.663868410533e-07  ,7.773872489450e-01  
  4.673868952339e-07  ,7.708011032513e-01  
  4.683869494145e-07  ,7.642728086126e-01  
  4.693870035951e-07  ,7.578017492093e-01  
  4.703870577758e-07  ,7.513872648712e-01  
  4.713871119564e-07  ,7.450287322259e-01  
  4.723871661370e-07  ,7.387255849153e-01  
  4.733872203176e-07  ,7.324772100813e-01  
  4.743872744983e-07  ,7.262831574499e-01  
  4.753873286789e-07  ,7.201428746542e-01  
  4.763873828595e-07  ,7.140559435966e-01  
  4.773874370401e-07  ,7.080218725141e-01  
  4.783874912207e-07  ,7.020403066276e-01  
  4.793875454014e-07  ,6.961108164126e-01  
  4.803875995820e-07  ,6.902330387405e-01  
  4.813876537626e-07  ,6.844065535370e-01  
  4.823877079432e-07  ,6.786310403397e-01  
  4.833877621239e-07  ,6.729060517134e-01  
  4.843878163045e-07  ,6.672312267622e-01  
  4.853878704851e-07  ,6.616061631265e-01  
  4.863879246657e-07  ,6.560304581376e-01  
  4.873879788463e-07  ,6.505036613538e-01  
  4.883880330270e-07  ,6.450253532681e-01  
  4.893880872076e-07  ,6.395951054202e-01  
  4.903881413882e-07  ,6.342124599207e-01  
  4.913881955688e-07  ,6.288769888319e-01  
  4.923882497495e-07  ,6.235882144677e-01  
  4.933883039301e-07  ,6.183457196092e-01  
  4.943883581107e-07  ,6.131490702487e-01  
  4.953884122913e-07  ,6.079977960530e-01  
  4.963884664719e-07  ,6.028915319249e-01  
  4.973885206526e-07  ,5.978298214636e-01  
  4.983885748332e-07  ,5.928122863376e-01  
  4.993886290138e-07  ,5.878385558332e-01  
  5.003886831944e-07  ,5.829081864412e-01  
  5.013887373751e-07  ,5.780208654116e-01  
  5.023887915557e-07  ,5.731762067628e-01  
  5.033888457363e-07  ,5.683738348345e-01  
  5.043888999169e-07  ,5.636134376492e-01  
  5.053889540975e-07  ,5.588946328823e-01  
  5.063890082782e-07  ,5.542170710797e-01  
  5.073890624588e-07  ,5.495804475192e-01  
  5.083891166394e-07  ,5.449843574755e-01  
  5.093891708200e-07  ,5.404284932003e-01  
  5.103892250007e-07  ,5.359125035859e-01  
  5.113892791813e-07  ,5.314360184217e-01  
  5.123893333619e-07  ,5.269987373411e-01  
  5.133893875425e-07  ,5.226002775739e-01  
  5.143894417231e-07  ,5.182402653632e-01  
  5.153894959038e-07  ,5.139184612416e-01  
  5.163895500844e-07  ,5.096343949080e-01  
  5.173896042650e-07  ,5.053878485026e-01  
  5.183896584456e-07  ,5.011783610684e-01  
  5.193897126263e-07  ,4.970057087751e-01  
  5.203897668069e-07  ,4.928695263792e-01  
  5.213898209875e-07  ,4.887694528158e-01  
  5.223898751681e-07  ,4.847052282626e-01  
  5.233899293487e-07  ,4.806765171525e-01  
  5.243899835294e-07  ,4.766830142220e-01  
  5.253900377100e-07  ,4.727243782092e-01  
  5.263900918906e-07  ,4.688003441489e-01  
  5.273901460712e-07  ,4.649106246596e-01  
  5.283902002519e-07  ,4.610548664640e-01  
  5.293902544325e-07  ,4.572328374602e-01  
  5.303903086131e-07  ,4.534442234185e-01  
  5.313903627937e-07  ,4.496887341743e-01  
  5.323904169743e-07  ,4.459660618033e-01  
  5.333904711550e-07  ,4.422759716785e-01  
  5.343905253356e-07  ,4.386181440352e-01  
  5.353905795162e-07  ,4.349922738198e-01  
  5.363906336968e-07  ,4.313981465100e-01  
  5.373906878775e-07  ,4.278354433819e-01  
  5.383907420581e-07  ,4.243038776549e-01  
  5.393907962387e-07  ,4.208031849703e-01  
  5.403908504193e-07  ,4.173331349147e-01  
  5.413909045999e-07  ,4.138933909143e-01  
  5.423909587806e-07  ,4.104837153996e-01  
  5.433910129612e-07  ,4.071038689081e-01  
  5.443910671418e-07  ,4.037535657546e-01  
  5.453911213224e-07  ,4.004325238603e-01  
  5.463911755031e-07  ,3.971404973306e-01  
  5.473912296837e-07  ,3.938772998921e-01  
  5.483912838643e-07  ,3.906425781916e-01  
  5.493913380449e-07  ,3.874361498857e-01  
  5.503913922255e-07  ,3.842577494663e-01  
  5.513914464062e-07  ,3.811071130954e-01  
  5.523915005868e-07  ,3.779840381731e-01  
  5.533915547674e-07  ,3.748882579637e-01  
  5.543916089480e-07  ,3.718195362553e-01  
  5.553916631286e-07  ,3.687776462820e-01  
  5.563917173093e-07  ,3.657623425163e-01  
  5.573917714899e-07  ,3.627734141124e-01  
  5.583918256705e-07  ,3.598106086813e-01  
  5.593918798511e-07  ,3.568737092725e-01  
  5.603919340318e-07  ,3.539624725264e-01  
  5.613919882124e-07  ,3.510766921241e-01  
  5.623920423930e-07  ,3.482161681439e-01  
  5.633920965736e-07  ,3.453806052999e-01  
  5.643921507542e-07  ,3.425698598009e-01  
  5.653922049349e-07  ,3.397836839892e-01  
  5.663922591155e-07  ,3.370218575094e-01  
  5.673923132961e-07  ,3.342841743975e-01  
  5.683923674767e-07  ,3.315704105630e-01  
  5.693924216574e-07  ,3.288803823985e-01  
  5.703924758380e-07  ,3.262138780424e-01  
  5.713925300186e-07  ,3.235706558125e-01  
  5.723925841992e-07  ,3.209505319051e-01  
  5.733926383798e-07  ,3.183533561558e-01  
  5.743926925605e-07  ,3.157788429977e-01  
  5.753927467411e-07  ,3.132268493816e-01  
  5.763928009217e-07  ,3.106971650208e-01  
  5.773928551023e-07  ,3.081895889533e-01  
  5.783929092830e-07  ,3.057039149144e-01  
  5.793929634636e-07  ,3.032399893335e-01  
  5.803930176442e-07  ,3.007976133968e-01  
  5.813930718248e-07  ,2.983765703690e-01  
  5.823931260054e-07  ,2.959766921144e-01  
  5.833931801861e-07  ,2.935977789084e-01  
  5.843932343667e-07  ,2.912396950622e-01  
  5.853932885473e-07  ,2.889022090254e-01  
  5.863933427279e-07  ,2.865851220206e-01  
  5.873933969086e-07  ,2.842883288194e-01  
  5.883934510892e-07  ,2.820115868766e-01  
  5.893935052698e-07  ,2.797547749643e-01  
  5.903935594504e-07  ,2.775176659919e-01  
  5.913936136310e-07  ,2.753001154926e-01  
  5.923936678117e-07  ,2.731019620953e-01  
  5.933937219923e-07  ,2.709229852799e-01  
  5.943937761729e-07  ,2.687630976302e-01  
  5.953938303535e-07  ,2.666220663278e-01  
  5.963938845342e-07  ,2.644997502744e-01  
  5.973939387148e-07  ,2.623959810175e-01  
  5.983939928954e-07  ,2.603106078213e-01  
  5.993940470760e-07  ,2.582434577843e-01  
  6.003941012566e-07  ,2.561943699052e-01  
  6.013941554373e-07  ,2.541632116251e-01  
  6.023942096179e-07  ,2.521497804787e-01  
  6.033942637985e-07  ,2.501539642367e-01  
  6.043943179791e-07  ,2.481755897749e-01  
  6.053943721598e-07  ,2.462145124285e-01  
  6.063944263404e-07  ,2.442705467776e-01  
  6.073944805210e-07  ,2.423436209324e-01  
  6.083945347016e-07  ,2.404335000895e-01  
  6.093945888822e-07  ,2.385400637088e-01  
  6.103946430629e-07  ,2.366632047931e-01  
  6.113946972435e-07  ,2.348027454166e-01  
  6.123947514241e-07  ,2.329585341989e-01  
  6.133948056047e-07  ,2.311304480454e-01  
  6.143948597854e-07  ,2.293183432492e-01  
  6.153949139660e-07  ,2.275220742643e-01  
  6.163949681466e-07  ,2.257414800115e-01  
  6.173950223272e-07  ,2.239764860976e-01  
  6.183950765078e-07  ,2.222268859254e-01  
  6.193951306885e-07  ,2.204925955122e-01  
  6.203951848691e-07  ,2.187734542681e-01  
  6.213952390497e-07  ,2.170693442225e-01  
  6.223952932303e-07  ,2.153801133813e-01  
  6.233953474110e-07  ,2.137056593365e-01  
  6.243954015916e-07  ,2.120458273317e-01  
  6.253954557722e-07  ,2.104005117317e-01  
  6.263955099528e-07  ,2.087695407624e-01  
  6.273955641334e-07  ,2.071528854627e-01  
  6.283956183141e-07  ,2.055502987437e-01  
  6.293956724947e-07  ,2.039617618692e-01  
  6.303957266753e-07  ,2.023870737229e-01  
  6.313957808559e-07  ,2.008261494004e-01  
  6.323958350366e-07  ,1.992788787631e-01  
  6.333958892172e-07  ,1.977451318916e-01  
  6.343959433978e-07  ,1.962247749442e-01  
  6.353959975784e-07  ,1.947177158614e-01  
  6.363960517590e-07  ,1.932238045236e-01  
  6.373961059397e-07  ,1.917429788841e-01  
  6.383961601203e-07  ,1.902750653036e-01  
  6.393962143009e-07  ,1.888199943171e-01  
  6.403962684815e-07  ,1.873776211055e-01  
  6.413963226622e-07  ,1.859478632851e-01  
  6.423963768428e-07  ,1.845306051993e-01  
  6.433964310234e-07  ,1.831257133281e-01  
  6.443964852040e-07  ,1.817331136657e-01  
  6.453965393846e-07  ,1.803526707180e-01  
  6.463965935653e-07  ,1.789843011053e-01  
  6.473966477459e-07  ,1.776278660988e-01  
  6.483967019265e-07  ,1.762833002160e-01  
  6.493967561071e-07  ,1.749504780777e-01  
  6.503968102877e-07  ,1.736292955080e-01  
  6.513968644684e-07  ,1.723196501601e-01  
  6.523969186490e-07  ,1.710214769217e-01  
  6.533969728296e-07  ,1.697346097025e-01  
  6.543970270102e-07  ,1.684590118877e-01  
  6.553970811909e-07  ,1.671945406070e-01  
  6.563971353715e-07  ,1.659411245766e-01  
  6.573971895521e-07  ,1.646986695293e-01  
  6.583972437327e-07  ,1.634670312972e-01  
  6.593972979133e-07  ,1.622461916529e-01  
  6.603973520940e-07  ,1.610359798444e-01  
  6.613974062746e-07  ,1.598363986278e-01  
  6.623974604552e-07  ,1.586472427488e-01  
  6.633975146358e-07  ,1.576253988840e-01  
  6.643975688165e-07  ,1.566015157980e-01  
  6.653976229971e-07  ,1.554921248040e-01  
  6.663976771777e-07  ,1.543615032933e-01  
  6.673977313583e-07  ,1.532193408811e-01  
  6.683977855389e-07  ,1.520702211005e-01  
  6.693978397196e-07  ,1.509178639839e-01  
  6.703978939002e-07  ,1.497667443851e-01  
  6.713979480808e-07  ,1.486218333497e-01  
  6.723980022614e-07  ,1.474878733732e-01  
  6.733980564421e-07  ,1.463689845052e-01  
  6.743981106227e-07  ,1.452684444381e-01  
  6.753981648033e-07  ,1.441884033106e-01  
  6.763982189839e-07  ,1.431299613169e-01  
  6.773982731645e-07  ,1.420931766621e-01  
  6.783983273452e-07  ,1.410772203413e-01  
  6.793983815258e-07  ,1.400805165061e-01  
  6.803984357064e-07  ,1.391008419687e-01  
  6.813984898870e-07  ,1.381357497148e-01  
  6.823985440677e-07  ,1.371825571399e-01  
  6.833985982483e-07  ,1.362386728543e-01  
  6.843986524289e-07  ,1.353018605303e-01  
  6.853987066095e-07  ,1.343700046465e-01  
  6.863987607901e-07  ,1.334417355498e-01  
  6.873988149708e-07  ,1.325159451100e-01  
  6.883988691514e-07  ,1.315922271327e-01  
  6.893989233320e-07  ,1.306705415252e-01  
  6.903989775126e-07  ,1.297512845303e-01  
  6.913990316933e-07  ,1.288352662868e-01  
  6.923990858739e-07  ,1.279234176946e-01  
  6.933991400545e-07  ,1.270169433294e-01  
  6.943991942351e-07  ,1.261169346320e-01  
  6.953992484157e-07  ,1.252245286787e-01  
  6.963993025964e-07  ,1.243406596816e-01  
  6.973993567770e-07  ,1.234661557095e-01  
  6.983994109576e-07  ,1.226015430067e-01  
  6.993994651382e-07  ,1.217470861258e-01  
  7.003995193189e-07  ,1.209019297157e-01  
  7.013995734995e-07  ,1.200610047878e-01  
  7.023996276801e-07  ,1.192196971175e-01  
  7.033996818607e-07  ,1.183763142296e-01  
  7.043997360413e-07  ,1.175317019394e-01  
  7.053997902220e-07  ,1.166881052186e-01  
  7.063998444026e-07  ,1.158480352640e-01  
  7.073998985832e-07  ,1.150137631570e-01  
  7.083999527638e-07  ,1.141871805148e-01  
  7.094000069445e-07  ,1.133695943251e-01  
  7.104000611251e-07  ,1.125618730874e-01  
  7.114001153057e-07  ,1.117643015117e-01  
  7.124001694863e-07  ,1.109767679001e-01  
  7.134002236669e-07  ,1.101986541305e-01  
  7.144002778476e-07  ,1.094291171978e-01  
  7.154003320282e-07  ,1.086670005741e-01  
  7.164003862088e-07  ,1.079110758533e-01  
  7.174004403894e-07  ,1.071600767172e-01  
  7.184004945701e-07  ,1.064127926511e-01  
  7.194005487507e-07  ,1.056681826071e-01  
  7.204006029313e-07  ,1.049253870279e-01  
  7.214006571119e-07  ,1.041837887763e-01  
  7.224007112925e-07  ,1.034429637327e-01  
  7.234007654732e-07  ,1.027028914059e-01  
  7.244008196538e-07  ,1.019635793456e-01  
  7.254008738344e-07  ,1.012253173465e-01  
  7.264009280150e-07  ,1.004885832222e-01  
  7.274009821957e-07  ,9.975383164527e-02  
  7.284010363763e-07  ,9.902169794292e-02  
  7.294010905569e-07  ,9.829270869950e-02  
  7.304011447375e-07  ,9.756740337740e-02  
  7.314011989181e-07  ,9.684619133290e-02  
  7.324012530988e-07  ,9.612950547365e-02  
  7.334013072794e-07  ,9.541749420046e-02  
  7.344013614600e-07  ,9.471034666541e-02  
  7.354014156406e-07  ,9.400801072927e-02  
  7.364014698213e-07  ,9.331045195539e-02  
  7.374015240019e-07  ,9.261745314826e-02  
  7.384015781825e-07  ,9.192882919697e-02  
  7.394016323631e-07  ,9.124428994528e-02  
  7.404016865437e-07  ,9.056356394711e-02  
  7.414017407244e-07  ,8.988639660748e-02  
  7.424017949050e-07  ,8.921258431725e-02  
  7.434018490856e-07  ,8.854191916814e-02  
  7.444019032662e-07  ,8.787421943774e-02  
  7.454019574469e-07  ,8.720943666535e-02  
  7.464020116275e-07  ,8.654755780365e-02  
  7.474020658081e-07  ,8.588857927194e-02  
  7.484021199887e-07  ,8.523260361926e-02  
  7.494021741693e-07  ,8.457973598474e-02  
  7.504022283500e-07  ,8.393010789980e-02  
  7.514022825306e-07  ,8.328398167340e-02  
  7.524023367112e-07  ,8.264124349242e-02  
  7.534023908918e-07  ,8.200227774991e-02  
  7.544024450724e-07  ,8.136707879528e-02  
  7.554024992531e-07  ,8.073577252213e-02  
  7.564025534337e-07  ,8.010842118032e-02  
  7.574026076143e-07  ,7.948508313997e-02  
  7.584026617949e-07  ,7.886581848835e-02  
  7.594027159756e-07  ,7.825062640979e-02  
  7.604027701562e-07  ,7.763949246239e-02  
  7.614028243368e-07  ,7.703239360881e-02  
  7.624028785174e-07  ,7.642922862995e-02  
  7.634029326980e-07  ,7.582996044649e-02  
  7.644029868787e-07  ,7.523454854693e-02  
  7.654030410593e-07  ,7.464294258041e-02  
  7.664030952399e-07  ,7.405508755136e-02  
  7.674031494205e-07  ,7.347091908067e-02  
  7.684032036012e-07  ,7.289044355295e-02  
  7.694032577818e-07  ,7.231365905402e-02  
  7.704033119624e-07  ,7.174053467864e-02  
  7.714033661430e-07  ,7.117109825648e-02  
  7.724034203236e-07  ,7.060537921305e-02  
  7.734034745043e-07  ,7.004336434180e-02  
  7.744035286849e-07  ,6.948509853279e-02  
  7.754035828655e-07  ,6.893064677322e-02  
  7.764036370461e-07  ,6.837999379445e-02  
  7.774036912268e-07  ,6.783316263476e-02  
  7.784037454074e-07  ,6.729018934288e-02  
  7.794037995880e-07  ,6.675106853463e-02  
  7.804038537686e-07  ,6.621583210312e-02  
  7.814039079492e-07  ,6.568445409457e-02  
  7.824039621299e-07  ,6.515690991924e-02  
  7.834040163105e-07  ,6.463319343720e-02  
  7.844040704911e-07  ,6.411331615542e-02  
  7.854041246717e-07  ,6.359721271051e-02  
  7.864041788524e-07  ,6.308488579176e-02  
  7.874042330330e-07  ,6.257628011365e-02  
  7.884042872136e-07  ,6.207140052796e-02  
  7.894043413942e-07  ,6.157020093364e-02  
  7.904043955748e-07  ,6.107264565098e-02  
  7.914044497555e-07  ,6.057874603956e-02  
  7.924045039361e-07  ,6.008846411575e-02  
  7.934045581167e-07  ,5.960177816979e-02  
  7.944046122973e-07  ,5.911870754793e-02  
  7.954046664780e-07  ,5.863917256733e-02  
  7.964047206586e-07  ,5.816324711235e-02  
  7.974047748392e-07  ,5.769086894923e-02  
  7.984048290198e-07  ,5.722199554386e-02  
  7.994048832004e-07  ,5.675671825292e-02  
  8.004049373811e-07  ,5.629493905199e-02  
  8.014049915617e-07  ,5.583667717245e-02  
  8.024050457423e-07  ,5.538191147989e-02  
  8.034050999229e-07  ,5.493062789882e-02  
  8.044051541036e-07  ,5.448284935070e-02  
  8.054052082842e-07  ,5.403845149554e-02  
  8.064052624648e-07  ,5.359752972306e-02  
  8.074053166454e-07  ,5.316001241464e-02  
  8.084053708260e-07  ,5.272586327244e-02  
  8.094054250067e-07  ,5.229507398230e-02  
  8.104054791873e-07  ,5.186765288391e-02  
  8.114055333679e-07  ,5.144352486474e-02  
  8.124055875485e-07  ,5.102268316892e-02  
  8.134056417292e-07  ,5.060513504631e-02  
  8.144056959098e-07  ,5.019081998880e-02  
  8.154057500904e-07  ,4.977973893318e-02  
  8.164058042710e-07  ,4.937185092783e-02  
  8.174058584516e-07  ,4.896717201263e-02  
  8.184059126323e-07  ,4.856564349785e-02  
  8.194059668129e-07  ,4.816727855380e-02  
  8.204060209935e-07  ,4.777202746597e-02  
  8.214060751741e-07  ,4.737991027924e-02  
  8.224061293548e-07  ,4.699085389207e-02  
  8.234061835354e-07  ,4.660488310241e-02  
  8.244062377160e-07  ,4.622198029347e-02  
  8.254062918966e-07  ,4.584209471655e-02  
  8.264063460772e-07  ,4.546523626694e-02  
  8.274064002579e-07  ,4.509136839476e-02  
  8.284064544385e-07  ,4.472046144923e-02  
  8.294065086191e-07  ,4.435251217365e-02  
  8.304065627997e-07  ,4.398751017034e-02  
  8.314066169804e-07  ,4.362542569261e-02  
  8.324066711610e-07  ,4.326619933983e-02  
  8.334067253416e-07  ,4.290988193589e-02  
  8.344067795222e-07  ,4.255636295478e-02  
  8.354068337028e-07  ,4.220571726197e-02  
  8.364068878835e-07  ,4.185786377393e-02  
  8.374069420641e-07  ,4.151279434613e-02  
  8.384069962447e-07  ,4.117048590788e-02  
  8.394070504253e-07  ,4.083094121779e-02  
  8.404071046060e-07  ,4.049412621669e-02  
  8.414071587866e-07  ,4.015998743528e-02  
  8.424072129672e-07  ,3.982855542085e-02  
  8.434072671478e-07  ,3.949978376074e-02  
  8.444073213284e-07  ,3.917369406879e-02  
  8.454073755091e-07  ,3.885018477843e-02  
  8.464074296897e-07  ,3.852932101032e-02  
  8.474074838703e-07  ,3.821103955865e-02  
  8.484075380509e-07  ,3.789530638124e-02  
  8.494075922315e-07  ,3.758216681838e-02  
  8.504076464122e-07  ,3.727153810917e-02  
  8.514077005928e-07  ,3.696343439451e-02  
  8.524077547734e-07  ,3.665782604924e-02  
  8.534078089540e-07  ,3.635469066058e-02  
  8.544078631347e-07  ,3.605401731238e-02  
  8.554079173153e-07  ,3.575577696872e-02  
  8.564079714959e-07  ,3.545997661098e-02  
  8.574080256765e-07  ,3.516657416735e-02  
  8.584080798571e-07  ,3.487556203511e-02  
  8.594081340378e-07  ,3.458687650192e-02  
  8.604081882184e-07  ,3.430059820145e-02  
  8.614082423990e-07  ,3.401661138636e-02  
  8.624082965796e-07  ,3.373493391175e-02  
  8.634083507603e-07  ,3.345558351334e-02  
  8.644084049409e-07  ,3.317848774337e-02  
  8.654084591215e-07  ,3.290364846944e-02  
  8.664085133021e-07  ,3.263107245001e-02  
  8.674085674827e-07  ,3.236069217283e-02  
  8.684086216634e-07  ,3.209251995360e-02  
  8.694086758440e-07  ,3.182658351495e-02  
  8.704087300246e-07  ,3.156276818537e-02  
  8.714087842052e-07  ,3.130114410454e-02  
  8.724088383859e-07  ,3.104164469565e-02  
  8.734088925665e-07  ,3.078426801437e-02  
  8.744089467471e-07  ,3.052899183757e-02  
  8.754090009277e-07  ,3.027582651843e-02  
  8.764090551083e-07  ,3.002472253610e-02  
  8.774091092890e-07  ,2.977567888791e-02  
  8.784091634696e-07  ,2.952867201230e-02  
  8.794092176502e-07  ,2.928369834353e-02  
  8.804092718308e-07  ,2.904071582198e-02  
  8.814093260115e-07  ,2.879975652075e-02  
  8.824093801921e-07  ,2.856074453330e-02  
  8.834094343727e-07  ,2.832370559118e-02  
  8.844094885533e-07  ,2.808862177993e-02  
  8.854095427339e-07  ,2.785546783157e-02  
  8.864095969146e-07  ,2.762421657505e-02  
  8.874096510952e-07  ,2.739486285842e-02  
  8.884097052758e-07  ,2.716740721515e-02  
  8.894097594564e-07  ,2.694183167203e-02  
  8.904098136371e-07  ,2.671808589444e-02  
  8.914098678177e-07  ,2.649619018475e-02  
  8.924099219983e-07  ,2.627613720881e-02  
  8.934099761789e-07  ,2.605788233836e-02  
  8.944100303595e-07  ,2.584142190162e-02  
  8.954100845402e-07  ,2.562675412430e-02  
  8.964101387208e-07  ,2.541382540443e-02  
  8.974101929014e-07  ,2.520268545622e-02  
  8.984102470820e-07  ,2.499328898672e-02  
  8.994103012627e-07  ,2.478558950661e-02  
  9.004103554433e-07  ,2.457958926766e-02  
  9.014104096239e-07  ,2.437535223433e-02  
  9.024104638045e-07  ,2.417275137228e-02  
  9.034105179851e-07  ,2.397183293359e-02  
  9.044105721658e-07  ,2.377255926567e-02  
  9.054106263464e-07  ,2.357493591488e-02  
  9.064106805270e-07  ,2.337895993875e-02  
  9.074107347076e-07  ,2.318460717676e-02  
  9.084107888883e-07  ,2.299183242702e-02  
  9.094108430689e-07  ,2.280065832594e-02  
  9.104108972495e-07  ,2.261106701835e-02  
  9.114109514301e-07  ,2.242304696210e-02  
  9.124110056107e-07  ,2.223659191789e-02  
  9.134110597914e-07  ,2.205163057179e-02  
  9.144111139720e-07  ,2.186824267600e-02  
  9.154111681526e-07  ,2.168635992175e-02  
  9.164112223332e-07  ,2.150597620538e-02  
  9.174112765139e-07  ,2.132710683333e-02  
  9.184113306945e-07  ,2.114966152998e-02  
  9.194113848751e-07  ,2.097374013131e-02  
  9.204114390557e-07  ,2.079925070022e-02  
  9.214114932363e-07  ,2.062623027221e-02  
  9.224115474170e-07  ,2.045459683089e-02  
  9.234116015976e-07  ,2.028440317649e-02  
  9.244116557782e-07  ,2.011564938505e-02  
  9.254117099588e-07  ,1.994824118757e-02  
  9.264117641395e-07  ,1.978224962937e-02  
  9.274118183201e-07  ,1.961764219846e-02  
  9.284118725007e-07  ,1.945438108295e-02  
  9.294119266813e-07  ,1.929246345393e-02  
  9.304119808619e-07  ,1.913191570261e-02  
  9.314120350426e-07  ,1.897266850933e-02  
  9.324120892232e-07  ,1.881474650246e-02  
  9.334121434038e-07  ,1.865817643772e-02  
  9.344121975844e-07  ,1.850284871140e-02  
  9.354122517651e-07  ,1.834884874392e-02  
  9.364123059457e-07  ,1.819609160063e-02  
  9.374123601263e-07  ,1.804460956526e-02  
  9.384124143069e-07  ,1.789439499394e-02  
  9.394124684875e-07  ,1.774544970128e-02  
  9.404125226682e-07  ,1.759769131604e-02  
  9.414125768488e-07  ,1.745119283376e-02  
  9.424126310294e-07  ,1.730587541804e-02  
  9.434126852100e-07  ,1.716180352471e-02  
  9.444127393906e-07  ,1.701890828559e-02  
  9.454127935713e-07  ,1.687719668426e-02  
  9.464128477519e-07  ,1.673667601642e-02  
  9.474129019325e-07  ,1.659729449111e-02  
  9.484129561131e-07  ,1.645909460613e-02  
  9.494130102938e-07  ,1.632204836230e-02  
  9.504130644744e-07  ,1.618611679937e-02  
  9.514131186550e-07  ,1.605132277197e-02  
  9.524131728356e-07  ,1.591763769529e-02  
  9.534132270162e-07  ,1.578509509135e-02  
  9.544132811969e-07  ,1.565363451812e-02  
  9.554133353775e-07  ,1.552323497665e-02  
  9.564133895581e-07  ,1.539397498640e-02  
  9.574134437387e-07  ,1.526575619967e-02  
  9.584134979194e-07  ,1.513862400967e-02  
  9.594135521000e-07  ,1.501252353719e-02  
  9.604136062806e-07  ,1.488747893566e-02  
  9.614136604612e-07  ,1.476348617389e-02  
  9.624137146418e-07  ,1.464049722244e-02  
  9.634137688225e-07  ,1.451856490981e-02  
  9.644138230031e-07  ,1.439762065660e-02  
  9.654138771837e-07  ,1.427769510376e-02  
  9.664139313643e-07  ,1.415876140397e-02  
  9.674139855450e-07  ,1.404082480863e-02  
  9.684140397256e-07  ,1.392383562005e-02  
  9.694140939062e-07  ,1.380786948362e-02  
  9.704141480868e-07  ,1.369283260233e-02  
  9.714142022674e-07  ,1.357875981643e-02  
  9.724142564481e-07  ,1.346565102087e-02  
  9.734143106287e-07  ,1.335347809078e-02  
  9.744143648093e-07  ,1.324221955365e-02  
  9.754144189899e-07  ,1.313190991822e-02  
  9.764144731706e-07  ,1.302249882117e-02  
  9.774145273512e-07  ,1.291401844641e-02  
  9.784145815318e-07  ,1.280644203040e-02  
  9.794146357124e-07  ,1.269971280269e-02  
  9.804146898930e-07  ,1.259392931411e-02  
  9.814147440737e-07  ,1.248899752791e-02  
  9.824147982543e-07  ,1.238494859522e-02  
  9.834148524349e-07  ,1.228177556166e-02  
  9.844149066155e-07  ,1.217944035142e-02  
  9.854149607962e-07  ,1.207795725241e-02  
  9.864150149768e-07  ,1.197733139514e-02  
  9.874150691574e-07  ,1.187754831005e-02  
  9.884151233380e-07  ,1.177857791337e-02  
  9.894151775186e-07  ,1.168045309582e-02  
  9.904152316993e-07  ,1.158312588083e-02  
  9.914152858799e-07  ,1.148662401813e-02  
  9.924153400605e-07  ,1.139090352478e-02  
  9.934153942411e-07  ,1.129599505592e-02  
  9.944154484218e-07  ,1.120189095478e-02  
  9.954155026024e-07  ,1.110855880212e-02  
  9.964155567830e-07  ,1.101599728992e-02  
  9.974156109636e-07  ,1.092422122857e-02  
  9.984156651442e-07  ,1.083319265992e-02  
  9.994157193249e-07  ,1.074292132937e-02  
  1.000000000000e-06  ,1.069052988486e-02  
